{"meta": {"format": 3, "version": "7.11.3", "timestamp": "2025-11-25T18:56:58.347730", "branch_coverage": true, "show_contexts": false}, "files": {"lib/lambda/drift_detection_validator.py": {"executed_lines": [1, 2, 3, 4, 6, 7, 8, 9, 11, 15, 16, 17, 20, 21, 23, 25, 27, 28, 31, 32, 33, 34, 37, 39, 40, 41, 42, 43, 45, 46, 48, 49, 52, 53, 55, 64, 70, 72, 73, 74, 75, 83, 84, 85, 93, 94, 95, 97, 112, 114, 116, 117, 118, 120, 121, 122], "summary": {"covered_lines": 56, "num_statements": 56, "percent_covered": 96.05263157894737, "percent_covered_display": "96", "missing_lines": 0, "excluded_lines": 0, "num_branches": 20, "num_partial_branches": 3, "covered_branches": 17, "missing_branches": 3}, "missing_lines": [], "excluded_lines": [], "executed_branches": [[20, 21], [20, 23], [33, 34], [33, 48], [39, 40], [39, 42], [42, 43], [42, 45], [48, 49], [48, 52], [70, 72], [70, 112], [84, 85], [94, 95], [116, 117], [116, 121], [118, 120]], "missing_branches": [[84, 93], [94, 112], [118, 121]], "functions": {"lambda_handler": {"executed_lines": [15, 16, 17, 20, 21, 23, 25, 27, 28, 31, 32, 33, 34, 37, 39, 40, 41, 42, 43, 45, 46, 48, 49, 52, 53, 55, 64, 70, 72, 73, 74, 75, 83, 84, 85, 93, 94, 95, 97, 112, 114, 116, 117, 118, 120, 121, 122], "summary": {"covered_lines": 47, "num_statements": 47, "percent_covered": 95.5223880597015, "percent_covered_display": "96", "missing_lines": 0, "excluded_lines": 0, "num_branches": 20, "num_partial_branches": 3, "covered_branches": 17, "missing_branches": 3}, "missing_lines": [], "excluded_lines": [], "executed_branches": [[20, 21], [20, 23], [33, 34], [33, 48], [39, 40], [39, 42], [42, 43], [42, 45], [48, 49], [48, 52], [70, 72], [70, 112], [84, 85], [94, 95], [116, 117], [116, 121], [118, 120]], "missing_branches": [[84, 93], [94, 112], [118, 121]]}, "": {"executed_lines": [1, 2, 3, 4, 6, 7, 8, 9, 11], "summary": {"covered_lines": 9, "num_statements": 9, "percent_covered": 100.0, "percent_covered_display": "100", "missing_lines": 0, "excluded_lines": 0, "num_branches": 0, "num_partial_branches": 0, "covered_branches": 0, "missing_branches": 0}, "missing_lines": [], "excluded_lines": [], "executed_branches": [], "missing_branches": []}}, "classes": {"": {"executed_lines": [1, 2, 3, 4, 6, 7, 8, 9, 11, 15, 16, 17, 20, 21, 23, 25, 27, 28, 31, 32, 33, 34, 37, 39, 40, 41, 42, 43, 45, 46, 48, 49, 52, 53, 55, 64, 70, 72, 73, 74, 75, 83, 84, 85, 93, 94, 95, 97, 112, 114, 116, 117, 118, 120, 121, 122], "summary": {"covered_lines": 56, "num_statements": 56, "percent_covered": 96.05263157894737, "percent_covered_display": "96", "missing_lines": 0, "excluded_lines": 0, "num_branches": 20, "num_partial_branches": 3, "covered_branches": 17, "missing_branches": 3}, "missing_lines": [], "excluded_lines": [], "executed_branches": [[20, 21], [20, 23], [33, 34], [33, 48], [39, 40], [39, 42], [42, 43], [42, 45], [48, 49], [48, 52], [70, 72], [70, 112], [84, 85], [94, 95], [116, 117], [116, 121], [118, 120]], "missing_branches": [[84, 93], [94, 112], [118, 121]]}}}, "lib/lambda/security_policy_validator.py": {"executed_lines": [1, 2, 3, 5, 6, 7, 9, 16, 17, 18, 20, 23, 24, 25, 27, 28, 29, 30, 32, 33, 34, 36, 39, 40, 41, 43, 44, 45, 46, 47, 48, 54, 55, 56, 59, 60, 61, 62, 65, 66, 72, 75, 76, 78, 87, 93, 94, 95, 96, 111], "summary": {"covered_lines": 50, "num_statements": 50, "percent_covered": 97.36842105263158, "percent_covered_display": "97", "missing_lines": 0, "excluded_lines": 0, "num_branches": 26, "num_partial_branches": 2, "covered_branches": 24, "missing_branches": 2}, "missing_lines": [], "excluded_lines": [], "executed_branches": [[23, 24], [23, 39], [32, 33], [32, 39], [39, 40], [39, 59], [41, 43], [41, 59], [43, 44], [43, 54], [44, 43], [44, 45], [54, 41], [54, 55], [55, 56], [59, 60], [59, 75], [61, 62], [61, 65], [66, 72], [66, 75], [93, 94], [93, 111], [95, 96]], "missing_branches": [[55, 54], [95, 111]], "functions": {"lambda_handler": {"executed_lines": [16, 17, 18, 20, 23, 24, 25, 27, 28, 29, 30, 32, 33, 34, 36, 39, 40, 41, 43, 44, 45, 46, 47, 48, 54, 55, 56, 59, 60, 61, 62, 65, 66, 72, 75, 76, 78, 87, 93, 94, 95, 96, 111], "summary": {"covered_lines": 43, "num_statements": 43, "percent_covered": 97.10144927536231, "percent_covered_display": "97", "missing_lines": 0, "excluded_lines": 0, "num_branches": 26, "num_partial_branches": 2, "covered_branches": 24, "missing_branches": 2}, "missing_lines": [], "excluded_lines": [], "executed_branches": [[23, 24], [23, 39], [32, 33], [32, 39], [39, 40], [39, 59], [41, 43], [41, 59], [43, 44], [43, 54], [44, 43], [44, 45], [54, 41], [54, 55], [55, 56], [59, 60], [59, 75], [61, 62], [61, 65], [66, 72], [66, 75], [93, 94], [93, 111], [95, 96]], "missing_branches": [[55, 54], [95, 111]]}, "": {"executed_lines": [1, 2, 3, 5, 6, 7, 9], "summary": {"covered_lines": 7, "num_statements": 7, "percent_covered": 100.0, "percent_covered_display": "100", "missing_lines": 0, "excluded_lines": 0, "num_branches": 0, "num_partial_branches": 0, "covered_branches": 0, "missing_branches": 0}, "missing_lines": [], "excluded_lines": [], "executed_branches": [], "missing_branches": []}}, "classes": {"": {"executed_lines": [1, 2, 3, 5, 6, 7, 9, 16, 17, 18, 20, 23, 24, 25, 27, 28, 29, 30, 32, 33, 34, 36, 39, 40, 41, 43, 44, 45, 46, 47, 48, 54, 55, 56, 59, 60, 61, 62, 65, 66, 72, 75, 76, 78, 87, 93, 94, 95, 96, 111], "summary": {"covered_lines": 50, "num_statements": 50, "percent_covered": 97.36842105263158, "percent_covered_display": "97", "missing_lines": 0, "excluded_lines": 0, "num_branches": 26, "num_partial_branches": 2, "covered_branches": 24, "missing_branches": 2}, "missing_lines": [], "excluded_lines": [], "executed_branches": [[23, 24], [23, 39], [32, 33], [32, 39], [39, 40], [39, 59], [41, 43], [41, 59], [43, 44], [43, 54], [44, 43], [44, 45], [54, 41], [54, 55], [55, 56], [59, 60], [59, 75], [61, 62], [61, 65], [66, 72], [66, 75], [93, 94], [93, 111], [95, 96]], "missing_branches": [[55, 54], [95, 111]]}}}, "lib/lambda/tag_compliance_validator.py": {"executed_lines": [1, 2, 3, 5, 6, 8, 10, 14, 15, 16, 17, 20, 22, 23, 25, 34, 40, 41, 42, 43, 49], "summary": {"covered_lines": 21, "num_statements": 21, "percent_covered": 100.0, "percent_covered_display": "100", "missing_lines": 0, "excluded_lines": 0, "num_branches": 4, "num_partial_branches": 0, "covered_branches": 4, "missing_branches": 0}, "missing_lines": [], "excluded_lines": [], "executed_branches": [[40, 41], [40, 49], [42, 43], [42, 49]], "missing_branches": [], "functions": {"lambda_handler": {"executed_lines": [14, 15, 16, 17, 20, 22, 23, 25, 34, 40, 41, 42, 43, 49], "summary": {"covered_lines": 14, "num_statements": 14, "percent_covered": 100.0, "percent_covered_display": "100", "missing_lines": 0, "excluded_lines": 0, "num_branches": 4, "num_partial_branches": 0, "covered_branches": 4, "missing_branches": 0}, "missing_lines": [], "excluded_lines": [], "executed_branches": [[40, 41], [40, 49], [42, 43], [42, 49]], "missing_branches": []}, "": {"executed_lines": [1, 2, 3, 5, 6, 8, 10], "summary": {"covered_lines": 7, "num_statements": 7, "percent_covered": 100.0, "percent_covered_display": "100", "missing_lines": 0, "excluded_lines": 0, "num_branches": 0, "num_partial_branches": 0, "covered_branches": 0, "missing_branches": 0}, "missing_lines": [], "excluded_lines": [], "executed_branches": [], "missing_branches": []}}, "classes": {"": {"executed_lines": [1, 2, 3, 5, 6, 8, 10, 14, 15, 16, 17, 20, 22, 23, 25, 34, 40, 41, 42, 43, 49], "summary": {"covered_lines": 21, "num_statements": 21, "percent_covered": 100.0, "percent_covered_display": "100", "missing_lines": 0, "excluded_lines": 0, "num_branches": 4, "num_partial_branches": 0, "covered_branches": 4, "missing_branches": 0}, "missing_lines": [], "excluded_lines": [], "executed_branches": [[40, 41], [40, 49], [42, 43], [42, 49]], "missing_branches": []}}}}, "totals": {"covered_lines": 127, "num_statements": 127, "percent_covered": 97.17514124293785, "percent_covered_display": "97",