{"meta": {"format": 3, "version": "7.11.0", "timestamp": "2025-11-14T08:07:52.169186", "branch_coverage": true, "show_contexts": false}, "files": {"lib/lambda_function.py": {"executed_lines": [4, 5, 6, 7, 8, 9, 12, 13, 14, 17, 18, 19, 22, 23, 24, 27, 38, 39, 42, 44, 45, 47, 50, 52, 57, 58, 59, 60, 66, 73, 74, 75, 76, 77, 79, 80, 82, 83, 84, 86, 95, 96, 98, 105, 109, 110, 113, 114, 116, 119, 120, 121, 123, 124, 125, 126, 129, 130, 131, 133, 135, 136, 137, 140, 147, 148, 149, 151, 152, 154, 156, 157, 158, 161, 171, 172, 173, 175, 179, 181, 182, 183, 185, 195, 197, 199, 200, 201, 204, 211, 212, 214, 234, 240, 242, 243, 246, 253, 254, 257, 258, 259, 260, 261, 262, 264, 273, 274, 275, 276, 278, 279, 280, 281, 283, 286, 288, 289, 290, 291, 292, 293, 295, 297, 303, 305, 306, 309, 316, 317, 319, 335, 341, 343, 344, 347, 354, 355, 358, 364, 365, 366, 369, 370, 372, 374, 381, 382, 383], "summary": {"covered_lines": 149, "num_statements": 153, "percent_covered": 96.72131147540983, "percent_covered_display": "97", "missing_lines": 4, "excluded_lines": 0, "num_branches": 30, "num_partial_branches": 2, "covered_branches": 28, "missing_branches": 2}, "missing_lines": [100, 101, 102, 284], "excluded_lines": [], "executed_branches": [[42, 44], [42, 45], [45, 47], [45, 50], [82, 83], [82, 98], [119, 120], [119, 129], [124, 119], [124, 125], [129, 130], [129, 133], [151, 152], [151, 154], [175, 179], [175, 197], [181, 175], [181, 182], [258, 259], [258, 264], [260, 261], [273, 274], [273, 288], [278, 279], [278, 283], [283, 286], [364, 365], [364, 369]], "missing_branches": [[260, 262], [283, 284]], "functions": {"lambda_handler": {"executed_lines": [38, 39, 42, 44, 45, 47, 50, 52, 57, 58, 59, 60], "summary": {"covered_lines": 12, "num_statements": 12, "percent_covered": 100.0, "percent_covered_display": "100", "missing_lines": 0, "excluded_lines": 0, "num_branches": 4, "num_partial_branches": 0, "covered_branches": 4, "missing_branches": 0}, "missing_lines": [], "excluded_lines": [], "executed_branches": [[42, 44], [42, 45], [45, 47], [45, 50]], "missing_branches": []}, "process_compliance_event": {"executed_lines": [73, 74, 75, 76, 77, 79, 80, 82, 83, 84, 86, 95, 96, 98], "summary": {"covered_lines": 14, "num_statements": 17, "percent_covered": 84.21052631578948, "percent_covered_display": "84", "missing_lines": 3, "excluded_lines": 0, "num_branches": 2, "num_partial_branches": 0, "covered_branches": 2, "missing_branches": 0}, "missing_lines": [100, 101, 102], "excluded_lines": [], "executed_branches": [[82, 83], [82, 98]], "missing_branches": []}, "perform_periodic_compliance_check": {"executed_lines": [109, 110, 113, 114, 116, 119, 120, 121, 123, 124, 125, 126, 129, 130, 131, 133, 135, 136, 137], "summary": {"covered_lines": 19, "num_statements": 19, "percent_covered": 100.0, "percent_covered_display": "100", "missing_lines": 0, "excluded_lines": 0, "num_branches": 6, "num_partial_branches": 0, "covered_branches": 6, "missing_branches": 0}, "missing_lines": [], "excluded_lines": [], "executed_branches": [[119, 120], [119, 129], [124, 119], [124, 125], [129, 130], [129, 133]], "missing_branches": []}, "get_all_config_rules": {"executed_lines": [147, 148, 149, 151, 152, 154, 156, 157, 158], "summary": {"covered_lines": 9, "num_statements": 9, "percent_covered": 100.0, "percent_covered_display": "100", "missing_lines": 0, "excluded_lines": 0, "num_branches": 2, "num_partial_branches": 0, "covered_branches": 2, "missing_branches": 0}, "missing_lines": [], "excluded_lines": [], "executed_branches": [[151, 152], [151, 154]], "missing_branches": []}, "check_rule_compliance": {"executed_lines": [171, 172, 173, 175, 179, 181, 182, 183, 185, 195, 197, 199, 200, 201], "summary": {"covered_lines": 14, "num_statements": 14, "percent_covered": 100.0, "percent_covered_display": "100", "missing_lines": 0, "excluded_lines": 0, "num_branches": 4, "num_partial_branches": 0, "covered_branches": 4, "missing_branches": 0}, "missing_lines": [], "excluded_lines": [], "executed_branches": [[175, 179], [175, 197], [181, 175], [181, 182]], "missing_branches": []}, "send_compliance_notification": {"executed_lines": [211, 212, 214, 234, 240, 242, 243], "summary": {"covered_lines": 7, "num_statements": 7, "percent_covered": 100.0, "percent_covered_display": "100", "missing_lines": 0, "excluded_lines": 0, "num_branches": 0, "num_partial_branches": 0, "covered_branches": 0, "missing_branches": 0}, "missing_lines": [], "excluded_lines": [], "executed_branches": [], "missing_branches": []}, "send_summary_notification": {"executed_lines": [253, 254, 257, 258, 259, 260, 261, 262, 264, 273, 274, 275, 276, 278, 279, 280, 281, 283, 286, 288, 289, 290, 291, 292, 293, 295, 297, 303, 305, 306], "summary": {"covered_lines": 30, "num_statements": 31, "percent_covered": 92.6829268292683, "percent_covered_display": "93", "missing_lines": 1, "excluded_lines": 0, "num_branches": 10, "num_partial_branches": 2, "covered_branches": 8, "missing_branches": 2}, "missing_lines": [284], "excluded_lines": [], "executed_branches": [[258, 259], [258, 264], [260, 261], [273, 274], [273, 288], [278, 279], [278, 283], [283, 286]], "missing_branches": [[260, 262], [283, 284]]}, "send_error_notification": {"executed_lines": [316, 317, 319, 335, 341, 343, 344], "summary": {"covered_lines": 7, "num_statements": 7, "percent_covered": 100.0, "percent_covered_display": "100", "missing_lines": 0, "excluded_lines": 0, "num_branches": 0, "num_partial_branches": 0, "covered_branches": 0, "missing_branches": 0}, "missing_lines": [], "excluded_lines": [], "executed_branches": [], "missing_branches": []}, "analyze_config_snapshot": {"executed_lines": [354, 355, 358, 364, 365, 366, 369, 370, 372, 374, 381, 382, 383], "summary": {"covered_lines": 13, "num_statements": 13, "percent_covered": 100.0, "percent_covered_display": "100", "missing_lines": 0, "excluded_lines": 0, "num_branches": 2, "num_partial_branches": 0, "covered_branches": 2, "missing_branches": 0}, "missing_lines": [], "excluded_lines": [], "executed_branches": [[364, 365], [364, 369]], "missing_branches": []}, "": {"executed_lines": [4, 5, 6, 7, 8, 9, 12, 13, 14, 17, 18, 19, 22, 23, 24, 27, 66, 105, 140, 161, 204, 246, 309, 347], "summary": {"covered_lines": 24, "num_statements": 24, "percent_covered": 100.0, "percent_covered_display": "100", "missing_lines": 0, "excluded_lines": 0, "num_branches": 0, "num_partial_branches": 0, "covered_branches": 0, "missing_branches": 0}, "missing_lines": [], "excluded_lines": [], "executed_branches": [], "missing_branches": []}}, "classes": {"": {"executed_lines": [4, 5, 6, 7, 8, 9, 12, 13, 14, 17, 18, 19, 22, 23, 24, 27, 38, 39, 42, 44, 45, 47, 50, 52, 57, 58, 59, 60, 66, 73, 74, 75, 76, 77, 79, 80, 82, 83, 84, 86, 95, 96, 98, 105, 109, 110, 113, 114, 116, 119, 120, 121, 123, 124, 125, 126, 129, 130, 131, 133, 135, 136, 137, 140, 147, 148, 149, 151, 152, 154, 156, 157, 158, 161, 171, 172, 173, 175, 179, 181, 182, 183, 185, 195, 197, 199, 200, 201, 204, 211, 212, 214, 234, 240, 242, 243, 246, 253, 254, 257, 258, 259, 260, 261, 262, 264, 273, 274, 275, 276, 278, 279, 280, 281, 283, 286, 288, 289, 290, 291, 292, 293, 295, 297, 303, 305, 306, 309, 316, 317, 319, 335, 341, 343, 344, 347, 354, 355, 358, 364, 365, 366, 369, 370, 372, 374, 381, 382, 383], "summary": {"covered_lines": 149, "num_statements": 153, "percent_covered": 96.72131147540983, "percent_covered_display": "97", "missing_lines": 4, "excluded_lines": 0, "num_branches": 30, "num_partial_branches": 2, "covered_branches": 28, "missing_branches": 2}, "missing_lines": [100, 101, 102, 284], "excluded_lines": [], "executed_branches": [[42, 44], [42, 45], [45, 47], [45, 50], [82, 83], [82, 98], [119, 120], [119, 129], [124, 119], [124, 125], [129, 130], [129, 133], [151, 152], [151, 154], [175, 179], [175, 197], [181, 175], [181, 182], [258, 259], [258, 264], [260, 261], [273, 274], [273, 288], [278, 279], [278, 283], [283, 286], [364, 365], [364, 369]],