{
  "total": {
    "statements": {
      "pct": 98.11320754716981
    },
    "functions": {
      "pct": 100
    },
    "lines": {
      "pct": 98.11320754716981
    }
  }
}
